<?xml version="1.0" encoding="UTF-8"?>
<project-private xmlns="http://www.netbeans.org/ns/project-private/1">
    <editor-bookmarks xmlns="http://www.netbeans.org/ns/editor-bookmarks/2" lastBookmarkId="1">
        <file>
            <url>src/proyectofinal/Persona.java</url>
            <bookmark id="1">
                <name/>
                <line>6</line>
                <key/>
            </bookmark>
        </file>
    </editor-bookmarks>
    <open-files xmlns="http://www.netbeans.org/ns/projectui-open-files/2">
        <group>
            <file>file:/C:/Users/majem/OneDrive/Escritorio/ESTUDIOS/programacion/ProyectoFinal/ProyectoFinal/src/proyectoprueba/swing.java</file>
            <file>file:/C:/Users/majem/OneDrive/Escritorio/ESTUDIOS/programacion/ProyectoFinal/ProyectoFinal/src/proyectoprueba/Liga.java</file>
            <file>file:/C:/Users/majem/OneDrive/Escritorio/ESTUDIOS/programacion/ProyectoFinal/ProyectoFinal/src/proyectoprueba/Jugador.java</file>
            <file>file:/C:/Users/majem/OneDrive/Escritorio/ESTUDIOS/programacion/ProyectoFinal/ProyectoFinal/src/proyectoprueba/ProyectoPrueba.java</file>
            <file>file:/C:/Users/majem/OneDrive/Escritorio/ESTUDIOS/programacion/ProyectoFinal/ProyectoFinal/src/proyectoprueba/Mercado.java</file>
            <file>file:/C:/Users/majem/OneDrive/Escritorio/ESTUDIOS/programacion/ProyectoFinal/ProyectoFinal/src/proyectoprueba/Persona.java</file>
            <file>file:/C:/Users/majem/OneDrive/Escritorio/ESTUDIOS/programacion/ProyectoFinal/ProyectoFinal/src/proyectoprueba/Equipo.java</file>
        </group>
    </open-files>
</project-private>
